Tag,IDs
0,"الاتحاد الأوروبي, حزب الله, لبنان"
97,"الفحم, المغرب, الولايات المتحدة"
98,"الأقمار الاصطناعية, الذكاء الاصطناعي, وزارة التجهيز والماء"
99,Video
109,Panorama
110,"التنظيمات السياسية, حركة 20 فبراير"
111,مول الشاقور
112,"الفهرس الموحد, المغرب, المكتبات"
113,"السفير الإسباني, حسان الكنوني, هسبريس"
114,"أحمد عصيد, الأجهزة الأمنية, التهديد"
117,"المغرب, حركة 20 فبراير, مسيرات المغرب"
118,ياسمينة بادو
119,"البوليساريو, المحجوب السالك, معمر القذافي"
120,"ادريس شحتان, الجمعية الوطنية للإعلام, رئيس جديد, رشيد نيني"
121,"الدعم المباشر للسكن, فاطمة الزهراء المنصوري, مجلس النواب"
122,"تسليم السلط, عمدة مراكش, فاطمة الزهراء المنصوري, محمد العربي بلقايد"
124,"التعليم, الكفاءة المهنية, المدرسة المغربية"
126,علاء الدين بنهادي
127,"الاتحاد الدولي للصحافيين, العفو الملكي, النقابة الوطنية للصحافة المغربية, توفيق بوعشرين, سليمان الريسوني"
128,نور الدين لشهب
129,"التطبيع, حزب العدالة والتنمية, سعد الدين العثماني, عبد الإله بنكيران"
130,"ألعاب الحظ, الضريبة, حزب العدالة والتنمية"
131,"الرئيس الصيني, شي جين بينغ, عزيز أخنوش"
132,"الجفاف, المحصول الوطني, زيت الزيتون, وزير الفلاحة"
133,"الانتخابات, حزب العدالة والتنمية, عبد الإله بنكيران"
134,"الأرامل, حزب العدالة والتنمية, عبد الإله ابن كيران"
135,"جائزة واد نون الوطنية الكبرى للصحافة, محمد الراجي"
136,"الانتخابات التشريعية, جون أفريك, حزب العدالة والتنمية, محمد مصباح"
137,"أخبار رياضية, المغرب الرياضي"
